mode,cost,weight_sum,mean_payout,normalized_rtp,std_payout,normalized_std,base_std,std_min,std_max,min_multiplier,max_multiplier,std_rule_pass
normal_low_8,1.0,1000000553752,0.9605,0.9605,0.72438984,0.72438984,0.5,0.6,60.0,0.5,5.6,True
buy100_low_8,99.0,1000000553752,95.0895,0.9605,71.71459431,0.72438984,0.5,0.6,60.0,49.5,554.4,True
normal_low_9,1.0,1000000000006,0.9605,0.9605,1.09935879,1.09935879,0.5,0.6,60.0,0.7,5.6,True
buy100_low_9,99.0,1000000000006,95.0895,0.9605,108.83652025,1.09935879,0.5,0.6,60.0,69.3,554.4,True
normal_low_10,1.0,1000000912061,0.9605,0.9605,0.96911931,0.96911931,0.5,0.6,60.0,0.5,8.9,True
buy100_low_10,99.0,1000000912061,95.0895,0.9605,95.94281124,0.96911931,0.5,0.6,60.0,49.5,881.1,True
normal_low_11,1.0,1000001477936,0.9605,0.9605,0.72889768,0.72889768,0.5,0.6,60.0,0.7,8.4,True
buy100_low_11,99.0,1000001477936,95.0895,0.9605,72.1608704,0.72889768,0.5,0.6,60.0,69.3,831.6,True
normal_low_12,1.0,1000001031498,0.9605,0.9605,0.96911974,0.96911974,0.5,0.6,60.0,0.5,10.0,True
buy100_low_12,99.0,1000001031498,95.0895,0.9605,95.9428545,0.96911974,0.5,0.6,60.0,49.5,990.0,True
normal_low_13,1.0,1000000000010,0.9605,0.9605,0.65722123,0.65722123,0.5,0.6,60.0,0.7,8.1,True
buy100_low_13,99.0,1000000000010,95.0895,0.9605,65.06490214,0.65722123,0.5,0.6,60.0,69.3,801.9,True
normal_low_14,1.0,1000000716624,0.9605,0.9605,0.65775487,0.65775487,0.5,0.6,60.0,0.5,7.1,True
buy100_low_14,99.0,1000000716624,95.0895,0.9605,65.11773191,0.65775487,0.5,0.6,60.0,49.5,702.9,True
normal_low_15,1.0,1000002744734,0.9605,0.9605,0.72890214,0.72890214,0.5,0.6,60.0,0.7,15.0,True
buy100_low_15,99.0,1000002744734,95.0895,0.9605,72.16131191,0.72890214,0.5,0.6,60.0,69.3,1485.0,True
normal_low_16,1.0,1000001682968,0.9605,0.9605,0.69188193,0.69188193,0.5,0.6,60.0,0.5,16.0,True
buy100_low_16,99.0,1000001682968,95.0895,0.9605,68.49631075,0.69188193,0.5,0.6,60.0,49.5,1584.0,True
normal_medium_8,1.0,999999999999,0.9605,0.9605,1.18189226,1.18189226,0.5,0.6,60.0,0.4,13.0,True
buy100_medium_8,99.0,999999999999,95.0895,0.9605,117.00733379,1.18189226,0.5,0.6,60.0,39.6,1287.0,True
normal_medium_9,1.0,1000000000000,0.9605,0.9605,1.20927632,1.20927632,0.5,0.6,60.0,0.5,18.0,True
buy100_medium_9,99.0,1000000000000,95.0895,0.9605,119.71835549,1.20927632,0.5,0.6,60.0,49.5,1782.0,True
normal_medium_10,1.0,999999999998,0.9605,0.9605,1.14478917,1.14478917,0.5,0.6,60.0,0.4,22.0,True
buy100_medium_10,99.0,999999999998,95.0895,0.9605,113.33412815,1.14478917,0.5,0.6,60.0,39.6,2178.0,True
normal_medium_11,1.0,999999999998,0.9605,0.9605,1.05871977,1.05871977,0.5,0.6,60.0,0.5,24.0,True
buy100_medium_11,99.0,999999999998,95.0895,0.9605,104.81325675,1.05871977,0.5,0.6,60.0,49.5,2376.0,True
normal_medium_12,1.0,1000000000002,0.9605,0.9605,1.2278103,1.2278103,0.5,0.6,60.0,0.3,33.0,True
buy100_medium_12,99.0,1000000000002,95.0895,0.9605,121.55321926,1.2278103,0.5,0.6,60.0,29.7,3267.0,True
normal_medium_13,1.0,1000000000000,0.9605,0.9605,1.29547024,1.29547024,0.5,0.6,60.0,0.4,43.0,True
buy100_medium_13,99.0,1000000000000,95.0895,0.9605,128.25155397,1.29547024,0.5,0.6,60.0,39.6,4257.0,True
normal_medium_14,1.0,1000000000003,0.9605,0.9605,1.30856977,1.30856977,0.5,0.6,60.0,0.2,58.0,True
buy100_medium_14,99.0,1000000000003,95.0895,0.9605,129.54840744,1.30856977,0.5,0.6,60.0,19.8,5742.0,True
normal_medium_15,1.0,1000000000002,0.9605,0.9605,1.50102964,1.50102964,0.5,0.6,60.0,0.3,88.0,True
buy100_medium_15,99.0,1000000000002,95.0895,0.9605,148.60193422,1.50102964,0.5,0.6,60.0,29.7,8712.0,True
normal_medium_16,1.0,1000000000001,0.9605,0.9605,1.38975329,1.38975329,0.5,0.6,60.0,0.3,110.0,True
buy100_medium_16,99.0,1000000000001,95.0895,0.9605,137.58557556,1.38975329,0.5,0.6,60.0,29.7,10890.0,True
normal_high_8,1.0,1000000000000,0.9605,0.9605,2.59220843,2.59220843,0.5,0.6,60.0,0.2,29.0,True
buy100_high_8,99.0,1000000000000,95.0895,0.9605,256.62863443,2.59220843,0.5,0.6,60.0,19.8,2871.0,True
normal_high_9,1.0,1000000000000,0.9605,0.9605,2.85301065,2.85301065,0.5,0.6,60.0,0.2,43.0,True
buy100_high_9,99.0,1000000000000,95.0895,0.9605,282.44805416,2.85301065,0.5,0.6,60.0,19.8,4257.0,True
normal_high_10,1.0,999999999998,0.9605,0.9605,3.52707782,3.52707782,0.5,0.6,60.0,0.2,76.0,True
buy100_high_10,99.0,999999999998,95.0895,0.9605,349.18070403,3.52707782,0.5,0.6,60.0,19.8,7524.0,True
normal_high_11,1.0,1000000000000,0.9605,0.9605,3.98593411,3.98593411,0.5,0.6,60.0,0.2,120.0,True
buy100_high_11,99.0,1000000000000,95.0895,0.9605,394.60747656,3.98593411,0.5,0.6,60.0,19.8,11880.0,True
normal_high_12,1.0,999999999999,0.9605,0.9605,4.23685475,4.23685475,0.5,0.6,60.0,0.2,170.0,True
buy100_high_12,99.0,999999999999,95.0895,0.9605,419.44862013,4.23685475,0.5,0.6,60.0,19.8,16830.0,True
normal_high_13,1.0,1000000000000,0.9605,0.9605,4.68813784,4.68813784,0.5,0.6,60.0,0.2,260.0,True
buy100_high_13,99.0,1000000000000,95.0895,0.9605,464.12564649,4.68813784,0.5,0.6,60.0,19.8,25740.0,True
normal_high_14,1.0,1000000000001,0.9605,0.9605,5.39877097,5.39877097,0.5,0.6,60.0,0.2,420.0,True
buy100_high_14,99.0,1000000000001,95.0895,0.9605,534.47832612,5.39877097,0.5,0.6,60.0,19.8,41580.0,True
normal_high_15,1.0,1000000000002,0.9605,0.9605,5.80840648,5.80840648,0.5,0.6,60.0,0.2,620.0,True
buy100_high_15,99.0,1000000000002,95.0895,0.9605,575.03224177,5.80840648,0.5,0.6,60.0,19.8,61380.0,True
normal_high_16,1.0,999999999998,0.9605,0.9605,6.32097895,6.32097895,0.5,0.6,60.0,0.2,1000.0,True
buy100_high_16,99.0,999999999998,95.0894999,0.9605,625.77691617,6.32097895,0.5,0.6,60.0,19.8,99000.0,True
normal_expert_8,1.0,1000000000000,0.9605,0.9605,7.83223176,7.83223176,0.5,0.6,60.0,0.1,500.0,True
buy100_expert_8,99.0,1000000000000,95.0895,0.9605,775.39094438,7.83223176,0.5,0.6,60.0,9.9,49500.0,True
normal_expert_9,1.0,1000000000002,0.9605,0.9605,12.38725378,12.38725378,0.5,0.6,60.0,0.1,1000.0,True
buy100_expert_9,99.0,1000000000002,95.0895,0.9605,1226.33812464,12.38725378,0.5,0.6,60.0,9.9,99000.0,True
normal_expert_10,1.0,1000000000001,0.9605,0.9605,20.68189038,20.68189038,0.5,0.6,60.0,0.1,2000.0,True
buy100_expert_10,99.0,999999999998,95.0894999,0.9605,1243.94890558,12.56514046,0.5,0.6,60.0,9.9,100000.0,True
normal_expert_11,1.0,1000000000000,0.9605,0.9605,23.90506652,23.90506652,0.5,0.6,60.0,0.1,3200.0,True
buy100_expert_11,99.0,1000000000000,95.0895001,0.9605,1077.93992019,10.88828202,0.5,0.6,60.0,9.9,100000.0,True
normal_expert_12,1.0,1000000000002,0.9605,0.9605,35.77426124,35.77426124,0.5,0.6,60.0,0.1,6200.0,True
buy100_expert_12,99.0,1000000000000,95.0895,0.9605,1199.60624028,12.11723475,0.5,0.6,60.0,9.9,100000.0,True
normal_expert_13,1.0,1000000000000,0.9605,0.9605,43.71961668,43.71961668,0.5,0.6,60.0,0.1,10000.0,True
buy100_expert_13,99.0,1000000000002,95.0895,0.9605,1407.03030104,14.21242728,0.5,0.6,60.0,9.9,100000.0,True
normal_expert_14,1.0,1001338190519,0.9605,0.9605,26.70400666,26.70400666,0.5,0.6,60.0,0.1,23000.0,True
buy100_expert_14,99.0,1000000000001,95.0895001,0.9605,1675.09179114,16.9201191,0.5,0.6,60.0,9.9,100000.0,True
normal_expert_15,1.0,1002913648700,0.9605001,0.9605001,35.2075865,35.2075865,0.5,0.6,60.0,0.1,50000.0,True
buy100_expert_15,99.0,1000000000002,95.0894999,0.9605,1830.7485955,18.49241006,0.5,0.6,60.0,9.9,100000.0,True
normal_expert_16,1.0,1005844501805,0.9605002,0.9605002,48.79847028,48.79847028,0.5,0.6,60.0,0.1,100000.0,True
buy100_expert_16,99.0,1000000000000,95.0895,0.9605,1724.01749217,17.4143181,0.5,0.6,60.0,9.9,100000.0,True
