1,391,7682
2,1,7821
3,1,7851
4,3,7870
5,1,7880
6,3,7890
7,2,7900
8,1,7910
9,2,7920
10,1,7930
11,2,7940
12,3,7950
13,2,7960
14,3,7970
15,1,7989
16,3,8009
17,1,8019
18,3,8029
19,4,8049
20,4,8059
21,9,8068
22,8,8078
23,7,8088
24,9,8098
25,7,8108
26,7,8118
27,5,8128
28,12,8138
29,7,8148
30,5,8158
31,12,8168
32,9,8177
33,16,8187
34,11,8197
35,16,8207
36,19,8217
37,19,8227
38,21,8237
39,31,8247
40,30,8257
41,28,8266
42,39,8276
43,37,8286
44,33,8296
45,32,8306
46,38,8316
47,37,8326
48,47,8336
49,45,8346
50,56,8356
51,62,8366
52,67,8375
53,61,8385
54,89,8395
55,69,8405
56,71,8415
57,73,8425
58,87,8435
59,86,8445
60,106,8455
61,118,8464
62,103,8474
63,111,8484
64,144,8494
65,123,8504
66,144,8514
67,159,8524
68,155,8534
69,139,8544
70,196,8554
71,164,8564
72,179,8573
73,194,8583
74,202,8593
75,211,8603
76,241,8613
77,241,8623
78,264,8633
79,263,8643
80,269,8653
81,262,8662
82,269,8672
83,279,8682
84,290,8692
85,314,8702
86,348,8712
87,352,8722
88,360,8732
89,382,8742
90,349,8752
91,400,8762
92,433,8771
93,407,8781
94,441,8791
95,438,8801
96,443,8811
97,452,8821
98,487,8831
99,513,8841
100,520,8851
101,484,8860
102,543,8870
103,503,8880
104,535,8890
105,492,8900
106,529,8910
107,549,8920
108,548,8930
109,575,8940
110,620,8950
111,606,8960
112,609,8969
113,599,8979
114,630,8989
115,641,8999
116,664,9009
117,631,9019
118,606,9029
119,566,9039
120,631,9049
121,649,9058
122,651,9068
123,655,9078
124,655,9088
125,664,9098
126,668,9108
127,666,9118
128,667,9128
129,668,9138
130,668,9148
131,668,9158
132,615,9167
133,668,9177
134,667,9187
135,668,9197
136,668,9207
137,667,9217
138,668,9227
139,656,9237
140,631,9247
141,668,9256
142,584,9266
143,649,9276
144,668,9286
145,641,9296
146,623,9306
147,667,9316
148,668,9326
149,650,9336
150,667,9346
151,669,9356
152,669,9365
153,668,9375
154,653,9385
155,627,9395
156,641,9405
157,650,9415
158,651,9425
159,587,9435
160,609,9445
161,668,9454
162,626,9464
163,590,9474
164,629,9484
165,602,9494
166,589,9504
167,611,9514
168,629,9524
169,582,9534
170,581,9544
171,633,9554
172,634,9563
173,597,9573
174,601,9583
175,546,9593
176,627,9603
177,560,9613
178,544,9623
179,590,9633
180,584,9643
181,572,9652
182,602,9662
183,529,9672
184,570,9682
185,552,9692
186,539,9702
187,558,9712
188,563,9722
189,488,9732
190,523,9742
191,540,9752
192,489,9761
193,529,9771
194,519,9781
195,488,9791
196,486,9801
197,501,9811
198,505,9821
199,499,9831
200,526,9841
201,479,9850
202,471,9860
203,478,9870
204,491,9880
205,444,9890
206,417,9900
207,424,9910
208,406,9920
209,409,9930
210,388,9940
211,392,9950
212,405,9959
213,408,9969
214,397,9979
215,359,9989
216,401,9999
217,366,10009
218,334,10019
219,347,10029
220,343,10039
221,374,10048
222,357,10058
223,342,10068
224,316,10078
225,329,10088
226,344,10098
227,326,10108
228,301,10118
229,311,10128
230,352,10138
231,285,10148
232,269,10157
233,299,10167
234,302,10177
235,272,10187
236,271,10197
237,280,10207
238,278,10217
239,285,10227
240,246,10237
241,250,10246
242,219,10256
243,229,10266
244,239,10276
245,230,10286
246,225,10296
247,220,10306
248,230,10316
249,202,10326
250,201,10336
251,220,10346
252,213,10355
253,195,10365
254,204,10375
255,168,10385
256,177,10395
257,187,10405
258,183,10415
259,197,10425
260,180,10435
261,173,10444
262,165,10454
263,182,10464
264,158,10474
265,171,10484
266,139,10494
267,156,10504
268,158,10514
269,141,10524
270,143,10534
271,158,10544
272,142,10553
273,134,10563
274,158,10573
275,143,10583
276,127,10593
277,120,10603
278,110,10613
279,134,10623
280,122,10633
281,117,10642
282,108,10652
283,107,10662
284,99,10672
285,111,10682
286,122,10692
287,101,10702
288,108,10712
289,99,10722
290,105,10732
291,94,10742
292,92,10751
293,87,10761
294,84,10771
295,82,10781
296,93,10791
297,82,10801
298,88,10811
299,68,10821
300,87,10831
301,72,10840
302,73,10850
303,81,10860
304,78,10870
305,74,10880
306,64,10890
307,60,10900
308,66,10910
309,62,10920
310,66,10930
311,70,10940
312,65,10949
313,66,10959
314,48,10969
315,79,10979
316,60,10989
317,49,10999
318,48,11009
319,48,11019
320,45,11029
321,50,11038
322,39,11048
323,43,11058
324,43,11068
325,51,11078
326,50,11088
327,49,11098
328,50,11108
329,36,11118
330,39,11128
331,38,11138
332,39,11147
333,31,11157
334,41,11167
335,34,11177
336,38,11187
337,24,11197
338,29,11207
339,30,11217
340,28,11227
341,31,11236
342,25,11246
343,26,11256
344,31,11266
345,28,11276
346,23,11286
347,21,11296
348,19,11306
349,32,11316
350,24,11326
351,18,11336
352,28,11345
353,23,11355
354,18,11365
355,18,11375
356,29,11385
357,10,11395
358,21,11405
359,14,11415
360,21,11425
361,13,11434
362,18,11444
363,13,11454
364,19,11464
365,17,11474
366,13,11484
367,14,11494
368,18,11504
369,16,11514
370,12,11524
371,9,11534
372,10,11543
373,12,11553
374,7,11563
375,4,11573
376,10,11583
377,14,11593
378,8,11603
379,19,11613
380,8,11623
381,8,11632
382,11,11642
383,13,11652
384,11,11662
385,12,11672
386,5,11682
387,11,11692
388,3,11702
389,10,11712
390,5,11722
391,8,11732
392,10,11741
393,11,11751
394,7,11761
395,8,11771
396,5,11781
397,5,11791
398,10,11801
399,5,11811
400,5,11821
401,4,11830
402,7,11840
403,6,11850
404,2,11860
405,2,11870
406,9,11880
407,2,11890
408,6,11900
409,2,11910
410,5,11920
411,3,11930
412,3,11939
413,2,11949
414,6,11959
415,5,11969
416,1,11979
417,5,11989
418,4,11999
419,2,12009
420,1,12019
421,6,12028
422,3,12038
423,1,12048
424,4,12058
425,5,12068
426,2,12078
427,1,12088
428,4,12098
429,1,12108
430,2,12118
431,2,12128
432,2,12137
433,1,12157
434,1,12167
435,1,12177
436,1,12187
437,1,12197
438,3,12207
439,2,12217
440,1,12226
441,1,12236
442,3,12256
443,1,12266
444,1,12276
445,1,12286
446,2,12296
447,1,12316
448,1,12355
449,1,12365
450,1,12385
451,1,12405
452,1,12415
453,1,12424
454,2,12434
455,2,12444
456,1,12474
457,1,12504
458,1,12514
459,2,12563
460,1,12613
461,1,12622
462,2,12662
463,1,12751
464,1,12771
465,1,12781
466,1,12820
467,1,12870
468,1,12979
469,104,13078
