difficulty,rows,bucket_index,multiplier,payout_unit,source,notes
Low,8,0,5.600000,x,authoritative_multiplier_table,mode=normal_low_8
Low,8,1,2.100000,x,authoritative_multiplier_table,mode=normal_low_8
Low,8,2,1.100000,x,authoritative_multiplier_table,mode=normal_low_8
Low,8,3,1.000000,x,authoritative_multiplier_table,mode=normal_low_8
Low,8,4,0.500000,x,authoritative_multiplier_table,mode=normal_low_8
Low,8,5,1.000000,x,authoritative_multiplier_table,mode=normal_low_8
Low,8,6,1.100000,x,authoritative_multiplier_table,mode=normal_low_8
Low,8,7,2.100000,x,authoritative_multiplier_table,mode=normal_low_8
Low,8,8,5.600000,x,authoritative_multiplier_table,mode=normal_low_8
Low,9,0,5.600000,x,authoritative_multiplier_table,mode=normal_low_9
Low,9,1,2.000000,x,authoritative_multiplier_table,mode=normal_low_9
Low,9,2,1.600000,x,authoritative_multiplier_table,mode=normal_low_9
Low,9,3,1.000000,x,authoritative_multiplier_table,mode=normal_low_9
Low,9,4,0.700000,x,authoritative_multiplier_table,mode=normal_low_9
Low,9,5,0.700000,x,authoritative_multiplier_table,mode=normal_low_9
Low,9,6,1.000000,x,authoritative_multiplier_table,mode=normal_low_9
Low,9,7,1.600000,x,authoritative_multiplier_table,mode=normal_low_9
Low,9,8,2.000000,x,authoritative_multiplier_table,mode=normal_low_9
Low,9,9,5.600000,x,authoritative_multiplier_table,mode=normal_low_9
Low,10,0,8.900000,x,authoritative_multiplier_table,mode=normal_low_10
Low,10,1,3.000000,x,authoritative_multiplier_table,mode=normal_low_10
Low,10,2,1.400000,x,authoritative_multiplier_table,mode=normal_low_10
Low,10,3,1.100000,x,authoritative_multiplier_table,mode=normal_low_10
Low,10,4,1.000000,x,authoritative_multiplier_table,mode=normal_low_10
Low,10,5,0.500000,x,authoritative_multiplier_table,mode=normal_low_10
Low,10,6,1.000000,x,authoritative_multiplier_table,mode=normal_low_10
Low,10,7,1.100000,x,authoritative_multiplier_table,mode=normal_low_10
Low,10,8,1.400000,x,authoritative_multiplier_table,mode=normal_low_10
Low,10,9,3.000000,x,authoritative_multiplier_table,mode=normal_low_10
Low,10,10,8.900000,x,authoritative_multiplier_table,mode=normal_low_10
Low,11,0,8.400000,x,authoritative_multiplier_table,mode=normal_low_11
Low,11,1,3.000000,x,authoritative_multiplier_table,mode=normal_low_11
Low,11,2,1.900000,x,authoritative_multiplier_table,mode=normal_low_11
Low,11,3,1.300000,x,authoritative_multiplier_table,mode=normal_low_11
Low,11,4,1.000000,x,authoritative_multiplier_table,mode=normal_low_11
Low,11,5,0.700000,x,authoritative_multiplier_table,mode=normal_low_11
Low,11,6,0.700000,x,authoritative_multiplier_table,mode=normal_low_11
Low,11,7,1.000000,x,authoritative_multiplier_table,mode=normal_low_11
Low,11,8,1.300000,x,authoritative_multiplier_table,mode=normal_low_11
Low,11,9,1.900000,x,authoritative_multiplier_table,mode=normal_low_11
Low,11,10,3.000000,x,authoritative_multiplier_table,mode=normal_low_11
Low,11,11,8.400000,x,authoritative_multiplier_table,mode=normal_low_11
Low,12,0,10.000000,x,authoritative_multiplier_table,mode=normal_low_12
Low,12,1,3.000000,x,authoritative_multiplier_table,mode=normal_low_12
Low,12,2,1.600000,x,authoritative_multiplier_table,mode=normal_low_12
Low,12,3,1.400000,x,authoritative_multiplier_table,mode=normal_low_12
Low,12,4,1.100000,x,authoritative_multiplier_table,mode=normal_low_12
Low,12,5,1.000000,x,authoritative_multiplier_table,mode=normal_low_12
Low,12,6,0.500000,x,authoritative_multiplier_table,mode=normal_low_12
Low,12,7,1.000000,x,authoritative_multiplier_table,mode=normal_low_12
Low,12,8,1.100000,x,authoritative_multiplier_table,mode=normal_low_12
Low,12,9,1.400000,x,authoritative_multiplier_table,mode=normal_low_12
Low,12,10,1.600000,x,authoritative_multiplier_table,mode=normal_low_12
Low,12,11,3.000000,x,authoritative_multiplier_table,mode=normal_low_12
Low,12,12,10.000000,x,authoritative_multiplier_table,mode=normal_low_12
Low,13,0,8.100000,x,authoritative_multiplier_table,mode=normal_low_13
Low,13,1,4.000000,x,authoritative_multiplier_table,mode=normal_low_13
Low,13,2,3.000000,x,authoritative_multiplier_table,mode=normal_low_13
Low,13,3,1.900000,x,authoritative_multiplier_table,mode=normal_low_13
Low,13,4,1.200000,x,authoritative_multiplier_table,mode=normal_low_13
Low,13,5,0.900000,x,authoritative_multiplier_table,mode=normal_low_13
Low,13,6,0.700000,x,authoritative_multiplier_table,mode=normal_low_13
Low,13,7,0.700000,x,authoritative_multiplier_table,mode=normal_low_13
Low,13,8,0.900000,x,authoritative_multiplier_table,mode=normal_low_13
Low,13,9,1.200000,x,authoritative_multiplier_table,mode=normal_low_13
Low,13,10,1.900000,x,authoritative_multiplier_table,mode=normal_low_13
Low,13,11,3.000000,x,authoritative_multiplier_table,mode=normal_low_13
Low,13,12,4.000000,x,authoritative_multiplier_table,mode=normal_low_13
Low,13,13,8.100000,x,authoritative_multiplier_table,mode=normal_low_13
Low,14,0,7.100000,x,authoritative_multiplier_table,mode=normal_low_14
Low,14,1,4.000000,x,authoritative_multiplier_table,mode=normal_low_14
Low,14,2,1.900000,x,authoritative_multiplier_table,mode=normal_low_14
Low,14,3,1.400000,x,authoritative_multiplier_table,mode=normal_low_14
Low,14,4,1.300000,x,authoritative_multiplier_table,mode=normal_low_14
Low,14,5,1.100000,x,authoritative_multiplier_table,mode=normal_low_14
Low,14,6,1.000000,x,authoritative_multiplier_table,mode=normal_low_14
Low,14,7,0.500000,x,authoritative_multiplier_table,mode=normal_low_14
Low,14,8,1.000000,x,authoritative_multiplier_table,mode=normal_low_14
Low,14,9,1.100000,x,authoritative_multiplier_table,mode=normal_low_14
Low,14,10,1.300000,x,authoritative_multiplier_table,mode=normal_low_14
Low,14,11,1.400000,x,authoritative_multiplier_table,mode=normal_low_14
Low,14,12,1.900000,x,authoritative_multiplier_table,mode=normal_low_14
Low,14,13,4.000000,x,authoritative_multiplier_table,mode=normal_low_14
Low,14,14,7.100000,x,authoritative_multiplier_table,mode=normal_low_14
Low,15,0,15.000000,x,authoritative_multiplier_table,mode=normal_low_15
Low,15,1,8.000000,x,authoritative_multiplier_table,mode=normal_low_15
Low,15,2,3.000000,x,authoritative_multiplier_table,mode=normal_low_15
Low,15,3,2.000000,x,authoritative_multiplier_table,mode=normal_low_15
Low,15,4,1.500000,x,authoritative_multiplier_table,mode=normal_low_15
Low,15,5,1.100000,x,authoritative_multiplier_table,mode=normal_low_15
Low,15,6,1.000000,x,authoritative_multiplier_table,mode=normal_low_15
Low,15,7,0.700000,x,authoritative_multiplier_table,mode=normal_low_15
Low,15,8,0.700000,x,authoritative_multiplier_table,mode=normal_low_15
Low,15,9,1.000000,x,authoritative_multiplier_table,mode=normal_low_15
Low,15,10,1.100000,x,authoritative_multiplier_table,mode=normal_low_15
Low,15,11,1.500000,x,authoritative_multiplier_table,mode=normal_low_15
Low,15,12,2.000000,x,authoritative_multiplier_table,mode=normal_low_15
Low,15,13,3.000000,x,authoritative_multiplier_table,mode=normal_low_15
Low,15,14,8.000000,x,authoritative_multiplier_table,mode=normal_low_15
Low,15,15,15.000000,x,authoritative_multiplier_table,mode=normal_low_15
Low,16,0,16.000000,x,authoritative_multiplier_table,mode=normal_low_16
Low,16,1,9.000000,x,authoritative_multiplier_table,mode=normal_low_16
Low,16,2,2.000000,x,authoritative_multiplier_table,mode=normal_low_16
Low,16,3,1.400000,x,authoritative_multiplier_table,mode=normal_low_16
Low,16,4,1.400000,x,authoritative_multiplier_table,mode=normal_low_16
Low,16,5,1.200000,x,authoritative_multiplier_table,mode=normal_low_16
Low,16,6,1.100000,x,authoritative_multiplier_table,mode=normal_low_16
Low,16,7,1.000000,x,authoritative_multiplier_table,mode=normal_low_16
Low,16,8,0.500000,x,authoritative_multiplier_table,mode=normal_low_16
Low,16,9,1.000000,x,authoritative_multiplier_table,mode=normal_low_16
Low,16,10,1.100000,x,authoritative_multiplier_table,mode=normal_low_16
Low,16,11,1.200000,x,authoritative_multiplier_table,mode=normal_low_16
Low,16,12,1.400000,x,authoritative_multiplier_table,mode=normal_low_16
Low,16,13,1.400000,x,authoritative_multiplier_table,mode=normal_low_16
Low,16,14,2.000000,x,authoritative_multiplier_table,mode=normal_low_16
Low,16,15,9.000000,x,authoritative_multiplier_table,mode=normal_low_16
Low,16,16,16.000000,x,authoritative_multiplier_table,mode=normal_low_16
Medium,8,0,13.000000,x,authoritative_multiplier_table,mode=normal_medium_8
Medium,8,1,3.000000,x,authoritative_multiplier_table,mode=normal_medium_8
Medium,8,2,1.300000,x,authoritative_multiplier_table,mode=normal_medium_8
Medium,8,3,0.700000,x,authoritative_multiplier_table,mode=normal_medium_8
Medium,8,4,0.400000,x,authoritative_multiplier_table,mode=normal_medium_8
Medium,8,5,0.700000,x,authoritative_multiplier_table,mode=normal_medium_8
Medium,8,6,1.300000,x,authoritative_multiplier_table,mode=normal_medium_8
Medium,8,7,3.000000,x,authoritative_multiplier_table,mode=normal_medium_8
Medium,8,8,13.000000,x,authoritative_multiplier_table,mode=normal_medium_8
Medium,9,0,18.000000,x,authoritative_multiplier_table,mode=normal_medium_9
Medium,9,1,4.000000,x,authoritative_multiplier_table,mode=normal_medium_9
Medium,9,2,1.700000,x,authoritative_multiplier_table,mode=normal_medium_9
Medium,9,3,0.900000,x,authoritative_multiplier_table,mode=normal_medium_9
Medium,9,4,0.500000,x,authoritative_multiplier_table,mode=normal_medium_9
Medium,9,5,0.500000,x,authoritative_multiplier_table,mode=normal_medium_9
Medium,9,6,0.900000,x,authoritative_multiplier_table,mode=normal_medium_9
Medium,9,7,1.700000,x,authoritative_multiplier_table,mode=normal_medium_9
Medium,9,8,4.000000,x,authoritative_multiplier_table,mode=normal_medium_9
Medium,9,9,18.000000,x,authoritative_multiplier_table,mode=normal_medium_9
Medium,10,0,22.000000,x,authoritative_multiplier_table,mode=normal_medium_10
Medium,10,1,5.000000,x,authoritative_multiplier_table,mode=normal_medium_10
Medium,10,2,2.000000,x,authoritative_multiplier_table,mode=normal_medium_10
Medium,10,3,1.400000,x,authoritative_multiplier_table,mode=normal_medium_10
Medium,10,4,0.600000,x,authoritative_multiplier_table,mode=normal_medium_10
Medium,10,5,0.400000,x,authoritative_multiplier_table,mode=normal_medium_10
Medium,10,6,0.600000,x,authoritative_multiplier_table,mode=normal_medium_10
Medium,10,7,1.400000,x,authoritative_multiplier_table,mode=normal_medium_10
Medium,10,8,2.000000,x,authoritative_multiplier_table,mode=normal_medium_10
Medium,10,9,5.000000,x,authoritative_multiplier_table,mode=normal_medium_10
Medium,10,10,22.000000,x,authoritative_multiplier_table,mode=normal_medium_10
Medium,11,0,24.000000,x,authoritative_multiplier_table,mode=normal_medium_11
Medium,11,1,6.000000,x,authoritative_multiplier_table,mode=normal_medium_11
Medium,11,2,3.000000,x,authoritative_multiplier_table,mode=normal_medium_11
Medium,11,3,1.800000,x,authoritative_multiplier_table,mode=normal_medium_11
Medium,11,4,0.700000,x,authoritative_multiplier_table,mode=normal_medium_11
Medium,11,5,0.500000,x,authoritative_multiplier_table,mode=normal_medium_11
Medium,11,6,0.500000,x,authoritative_multiplier_table,mode=normal_medium_11
Medium,11,7,0.700000,x,authoritative_multiplier_table,mode=normal_medium_11
Medium,11,8,1.800000,x,authoritative_multiplier_table,mode=normal_medium_11
Medium,11,9,3.000000,x,authoritative_multiplier_table,mode=normal_medium_11
Medium,11,10,6.000000,x,authoritative_multiplier_table,mode=normal_medium_11
Medium,11,11,24.000000,x,authoritative_multiplier_table,mode=normal_medium_11
Medium,12,0,33.000000,x,authoritative_multiplier_table,mode=normal_medium_12
Medium,12,1,11.000000,x,authoritative_multiplier_table,mode=normal_medium_12
Medium,12,2,4.000000,x,authoritative_multiplier_table,mode=normal_medium_12
Medium,12,3,2.000000,x,authoritative_multiplier_table,mode=normal_medium_12
Medium,12,4,1.100000,x,authoritative_multiplier_table,mode=normal_medium_12
Medium,12,5,0.600000,x,authoritative_multiplier_table,mode=normal_medium_12
Medium,12,6,0.300000,x,authoritative_multiplier_table,mode=normal_medium_12
Medium,12,7,0.600000,x,authoritative_multiplier_table,mode=normal_medium_12
Medium,12,8,1.100000,x,authoritative_multiplier_table,mode=normal_medium_12
Medium,12,9,2.000000,x,authoritative_multiplier_table,mode=normal_medium_12
Medium,12,10,4.000000,x,authoritative_multiplier_table,mode=normal_medium_12
Medium,12,11,11.000000,x,authoritative_multiplier_table,mode=normal_medium_12
Medium,12,12,33.000000,x,authoritative_multiplier_table,mode=normal_medium_12
Medium,13,0,43.000000,x,authoritative_multiplier_table,mode=normal_medium_13
Medium,13,1,13.000000,x,authoritative_multiplier_table,mode=normal_medium_13
Medium,13,2,6.000000,x,authoritative_multiplier_table,mode=normal_medium_13
Medium,13,3,3.000000,x,authoritative_multiplier_table,mode=normal_medium_13
Medium,13,4,1.300000,x,authoritative_multiplier_table,mode=normal_medium_13
Medium,13,5,0.700000,x,authoritative_multiplier_table,mode=normal_medium_13
Medium,13,6,0.400000,x,authoritative_multiplier_table,mode=normal_medium_13
Medium,13,7,0.400000,x,authoritative_multiplier_table,mode=normal_medium_13
Medium,13,8,0.700000,x,authoritative_multiplier_table,mode=normal_medium_13
Medium,13,9,1.300000,x,authoritative_multiplier_table,mode=normal_medium_13
Medium,13,10,3.000000,x,authoritative_multiplier_table,mode=normal_medium_13
Medium,13,11,6.000000,x,authoritative_multiplier_table,mode=normal_medium_13
Medium,13,12,13.000000,x,authoritative_multiplier_table,mode=normal_medium_13
Medium,13,13,43.000000,x,authoritative_multiplier_table,mode=normal_medium_13
Medium,14,0,58.000000,x,authoritative_multiplier_table,mode=normal_medium_14
Medium,14,1,15.000000,x,authoritative_multiplier_table,mode=normal_medium_14
Medium,14,2,7.000000,x,authoritative_multiplier_table,mode=normal_medium_14
Medium,14,3,4.000000,x,authoritative_multiplier_table,mode=normal_medium_14
Medium,14,4,1.900000,x,authoritative_multiplier_table,mode=normal_medium_14
Medium,14,5,1.000000,x,authoritative_multiplier_table,mode=normal_medium_14
Medium,14,6,0.500000,x,authoritative_multiplier_table,mode=normal_medium_14
Medium,14,7,0.200000,x,authoritative_multiplier_table,mode=normal_medium_14
Medium,14,8,0.500000,x,authoritative_multiplier_table,mode=normal_medium_14
Medium,14,9,1.000000,x,authoritative_multiplier_table,mode=normal_medium_14
Medium,14,10,1.900000,x,authoritative_multiplier_table,mode=normal_medium_14
Medium,14,11,4.000000,x,authoritative_multiplier_table,mode=normal_medium_14
Medium,14,12,7.000000,x,authoritative_multiplier_table,mode=normal_medium_14
Medium,14,13,15.000000,x,authoritative_multiplier_table,mode=normal_medium_14
Medium,14,14,58.000000,x,authoritative_multiplier_table,mode=normal_medium_14
Medium,15,0,88.000000,x,authoritative_multiplier_table,mode=normal_medium_15
Medium,15,1,18.000000,x,authoritative_multiplier_table,mode=normal_medium_15
Medium,15,2,11.000000,x,authoritative_multiplier_table,mode=normal_medium_15
Medium,15,3,5.000000,x,authoritative_multiplier_table,mode=normal_medium_15
Medium,15,4,3.000000,x,authoritative_multiplier_table,mode=normal_medium_15
Medium,15,5,1.300000,x,authoritative_multiplier_table,mode=normal_medium_15
Medium,15,6,0.500000,x,authoritative_multiplier_table,mode=normal_medium_15
Medium,15,7,0.300000,x,authoritative_multiplier_table,mode=normal_medium_15
Medium,15,8,0.300000,x,authoritative_multiplier_table,mode=normal_medium_15
Medium,15,9,0.500000,x,authoritative_multiplier_table,mode=normal_medium_15
Medium,15,10,1.300000,x,authoritative_multiplier_table,mode=normal_medium_15
Medium,15,11,3.000000,x,authoritative_multiplier_table,mode=normal_medium_15
Medium,15,12,5.000000,x,authoritative_multiplier_table,mode=normal_medium_15
Medium,15,13,11.000000,x,authoritative_multiplier_table,mode=normal_medium_15
Medium,15,14,18.000000,x,authoritative_multiplier_table,mode=normal_medium_15
Medium,15,15,88.000000,x,authoritative_multiplier_table,mode=normal_medium_15
Medium,16,0,110.000000,x,authoritative_multiplier_table,mode=normal_medium_16
Medium,16,1,41.000000,x,authoritative_multiplier_table,mode=normal_medium_16
Medium,16,2,10.000000,x,authoritative_multiplier_table,mode=normal_medium_16
Medium,16,3,5.000000,x,authoritative_multiplier_table,mode=normal_medium_16
Medium,16,4,3.000000,x,authoritative_multiplier_table,mode=normal_medium_16
Medium,16,5,1.500000,x,authoritative_multiplier_table,mode=normal_medium_16
Medium,16,6,1.000000,x,authoritative_multiplier_table,mode=normal_medium_16
Medium,16,7,0.500000,x,authoritative_multiplier_table,mode=normal_medium_16
Medium,16,8,0.300000,x,authoritative_multiplier_table,mode=normal_medium_16
Medium,16,9,0.500000,x,authoritative_multiplier_table,mode=normal_medium_16
Medium,16,10,1.000000,x,authoritative_multiplier_table,mode=normal_medium_16
Medium,16,11,1.500000,x,authoritative_multiplier_table,mode=normal_medium_16
Medium,16,12,3.000000,x,authoritative_multiplier_table,mode=normal_medium_16
Medium,16,13,5.000000,x,authoritative_multiplier_table,mode=normal_medium_16
Medium,16,14,10.000000,x,authoritative_multiplier_table,mode=normal_medium_16
Medium,16,15,41.000000,x,authoritative_multiplier_table,mode=normal_medium_16
Medium,16,16,110.000000,x,authoritative_multiplier_table,mode=normal_medium_16
High,8,0,29.000000,x,authoritative_multiplier_table,mode=normal_high_8
High,8,1,4.000000,x,authoritative_multiplier_table,mode=normal_high_8
High,8,2,1.500000,x,authoritative_multiplier_table,mode=normal_high_8
High,8,3,0.300000,x,authoritative_multiplier_table,mode=normal_high_8
High,8,4,0.200000,x,authoritative_multiplier_table,mode=normal_high_8
High,8,5,0.300000,x,authoritative_multiplier_table,mode=normal_high_8
High,8,6,1.500000,x,authoritative_multiplier_table,mode=normal_high_8
High,8,7,4.000000,x,authoritative_multiplier_table,mode=normal_high_8
High,8,8,29.000000,x,authoritative_multiplier_table,mode=normal_high_8
High,9,0,43.000000,x,authoritative_multiplier_table,mode=normal_high_9
High,9,1,7.000000,x,authoritative_multiplier_table,mode=normal_high_9
High,9,2,2.000000,x,authoritative_multiplier_table,mode=normal_high_9
High,9,3,0.600000,x,authoritative_multiplier_table,mode=normal_high_9
High,9,4,0.200000,x,authoritative_multiplier_table,mode=normal_high_9
High,9,5,0.200000,x,authoritative_multiplier_table,mode=normal_high_9
High,9,6,0.600000,x,authoritative_multiplier_table,mode=normal_high_9
High,9,7,2.000000,x,authoritative_multiplier_table,mode=normal_high_9
High,9,8,7.000000,x,authoritative_multiplier_table,mode=normal_high_9
High,9,9,43.000000,x,authoritative_multiplier_table,mode=normal_high_9
High,10,0,76.000000,x,authoritative_multiplier_table,mode=normal_high_10
High,10,1,10.000000,x,authoritative_multiplier_table,mode=normal_high_10
High,10,2,3.000000,x,authoritative_multiplier_table,mode=normal_high_10
High,10,3,0.900000,x,authoritative_multiplier_table,mode=normal_high_10
High,10,4,0.300000,x,authoritative_multiplier_table,mode=normal_high_10
High,10,5,0.200000,x,authoritative_multiplier_table,mode=normal_high_10
High,10,6,0.300000,x,authoritative_multiplier_table,mode=normal_high_10
High,10,7,0.900000,x,authoritative_multiplier_table,mode=normal_high_10
High,10,8,3.000000,x,authoritative_multiplier_table,mode=normal_high_10
High,10,9,10.000000,x,authoritative_multiplier_table,mode=normal_high_10
High,10,10,76.000000,x,authoritative_multiplier_table,mode=normal_high_10
High,11,0,120.000000,x,authoritative_multiplier_table,mode=normal_high_11
High,11,1,14.000000,x,authoritative_multiplier_table,mode=normal_high_11
High,11,2,5.200000,x,authoritative_multiplier_table,mode=normal_high_11
High,11,3,1.400000,x,authoritative_multiplier_table,mode=normal_high_11
High,11,4,0.400000,x,authoritative_multiplier_table,mode=normal_high_11
High,11,5,0.200000,x,authoritative_multiplier_table,mode=normal_high_11
High,11,6,0.200000,x,authoritative_multiplier_table,mode=normal_high_11
High,11,7,0.400000,x,authoritative_multiplier_table,mode=normal_high_11
High,11,8,1.400000,x,authoritative_multiplier_table,mode=normal_high_11
High,11,9,5.200000,x,authoritative_multiplier_table,mode=normal_high_11
High,11,10,14.000000,x,authoritative_multiplier_table,mode=normal_high_11
High,11,11,120.000000,x,authoritative_multiplier_table,mode=normal_high_11
High,12,0,170.000000,x,authoritative_multiplier_table,mode=normal_high_12
High,12,1,24.000000,x,authoritative_multiplier_table,mode=normal_high_12
High,12,2,8.100000,x,authoritative_multiplier_table,mode=normal_high_12
High,12,3,2.000000,x,authoritative_multiplier_table,mode=normal_high_12
High,12,4,0.700000,x,authoritative_multiplier_table,mode=normal_high_12
High,12,5,0.200000,x,authoritative_multiplier_table,mode=normal_high_12
High,12,6,0.200000,x,authoritative_multiplier_table,mode=normal_high_12
High,12,7,0.200000,x,authoritative_multiplier_table,mode=normal_high_12
High,12,8,0.700000,x,authoritative_multiplier_table,mode=normal_high_12
High,12,9,2.000000,x,authoritative_multiplier_table,mode=normal_high_12
High,12,10,8.100000,x,authoritative_multiplier_table,mode=normal_high_12
High,12,11,24.000000,x,authoritative_multiplier_table,mode=normal_high_12
High,12,12,170.000000,x,authoritative_multiplier_table,mode=normal_high_12
High,13,0,260.000000,x,authoritative_multiplier_table,mode=normal_high_13
High,13,1,37.000000,x,authoritative_multiplier_table,mode=normal_high_13
High,13,2,11.000000,x,authoritative_multiplier_table,mode=normal_high_13
High,13,3,4.000000,x,authoritative_multiplier_table,mode=normal_high_13
High,13,4,1.000000,x,authoritative_multiplier_table,mode=normal_high_13
High,13,5,0.200000,x,authoritative_multiplier_table,mode=normal_high_13
High,13,6,0.200000,x,authoritative_multiplier_table,mode=normal_high_13
High,13,7,0.200000,x,authoritative_multiplier_table,mode=normal_high_13
High,13,8,0.200000,x,authoritative_multiplier_table,mode=normal_high_13
High,13,9,1.000000,x,authoritative_multiplier_table,mode=normal_high_13
High,13,10,4.000000,x,authoritative_multiplier_table,mode=normal_high_13
High,13,11,11.000000,x,authoritative_multiplier_table,mode=normal_high_13
High,13,12,37.000000,x,authoritative_multiplier_table,mode=normal_high_13
High,13,13,260.000000,x,authoritative_multiplier_table,mode=normal_high_13
High,14,0,420.000000,x,authoritative_multiplier_table,mode=normal_high_14
High,14,1,56.000000,x,authoritative_multiplier_table,mode=normal_high_14
High,14,2,18.000000,x,authoritative_multiplier_table,mode=normal_high_14
High,14,3,5.000000,x,authoritative_multiplier_table,mode=normal_high_14
High,14,4,1.900000,x,authoritative_multiplier_table,mode=normal_high_14
High,14,5,0.300000,x,authoritative_multiplier_table,mode=normal_high_14
High,14,6,0.200000,x,authoritative_multiplier_table,mode=normal_high_14
High,14,7,0.200000,x,authoritative_multiplier_table,mode=normal_high_14
High,14,8,0.200000,x,authoritative_multiplier_table,mode=normal_high_14
High,14,9,0.300000,x,authoritative_multiplier_table,mode=normal_high_14
High,14,10,1.900000,x,authoritative_multiplier_table,mode=normal_high_14
High,14,11,5.000000,x,authoritative_multiplier_table,mode=normal_high_14
High,14,12,18.000000,x,authoritative_multiplier_table,mode=normal_high_14
High,14,13,56.000000,x,authoritative_multiplier_table,mode=normal_high_14
High,14,14,420.000000,x,authoritative_multiplier_table,mode=normal_high_14
High,15,0,620.000000,x,authoritative_multiplier_table,mode=normal_high_15
High,15,1,83.000000,x,authoritative_multiplier_table,mode=normal_high_15
High,15,2,27.000000,x,authoritative_multiplier_table,mode=normal_high_15
High,15,3,8.000000,x,authoritative_multiplier_table,mode=normal_high_15
High,15,4,3.000000,x,authoritative_multiplier_table,mode=normal_high_15
High,15,5,0.500000,x,authoritative_multiplier_table,mode=normal_high_15
High,15,6,0.200000,x,authoritative_multiplier_table,mode=normal_high_15
High,15,7,0.200000,x,authoritative_multiplier_table,mode=normal_high_15
High,15,8,0.200000,x,authoritative_multiplier_table,mode=normal_high_15
High,15,9,0.200000,x,authoritative_multiplier_table,mode=normal_high_15
High,15,10,0.500000,x,authoritative_multiplier_table,mode=normal_high_15
High,15,11,3.000000,x,authoritative_multiplier_table,mode=normal_high_15
High,15,12,8.000000,x,authoritative_multiplier_table,mode=normal_high_15
High,15,13,27.000000,x,authoritative_multiplier_table,mode=normal_high_15
High,15,14,83.000000,x,authoritative_multiplier_table,mode=normal_high_15
High,15,15,620.000000,x,authoritative_multiplier_table,mode=normal_high_15
High,16,0,1000.000000,x,authoritative_multiplier_table,mode=normal_high_16
High,16,1,130.000000,x,authoritative_multiplier_table,mode=normal_high_16
High,16,2,26.000000,x,authoritative_multiplier_table,mode=normal_high_16
High,16,3,9.000000,x,authoritative_multiplier_table,mode=normal_high_16
High,16,4,4.000000,x,authoritative_multiplier_table,mode=normal_high_16
High,16,5,2.000000,x,authoritative_multiplier_table,mode=normal_high_16
High,16,6,0.200000,x,authoritative_multiplier_table,mode=normal_high_16
High,16,7,0.200000,x,authoritative_multiplier_table,mode=normal_high_16
High,16,8,0.200000,x,authoritative_multiplier_table,mode=normal_high_16
High,16,9,0.200000,x,authoritative_multiplier_table,mode=normal_high_16
High,16,10,0.200000,x,authoritative_multiplier_table,mode=normal_high_16
High,16,11,2.000000,x,authoritative_multiplier_table,mode=normal_high_16
High,16,12,4.000000,x,authoritative_multiplier_table,mode=normal_high_16
High,16,13,9.000000,x,authoritative_multiplier_table,mode=normal_high_16
High,16,14,26.000000,x,authoritative_multiplier_table,mode=normal_high_16
High,16,15,130.000000,x,authoritative_multiplier_table,mode=normal_high_16
High,16,16,1000.000000,x,authoritative_multiplier_table,mode=normal_high_16
Expert,8,0,500.000000,x,authoritative_multiplier_table,mode=normal_expert_8
Expert,8,1,46.000000,x,authoritative_multiplier_table,mode=normal_expert_8
Expert,8,2,11.000000,x,authoritative_multiplier_table,mode=normal_expert_8
Expert,8,3,0.100000,x,authoritative_multiplier_table,mode=normal_expert_8
Expert,8,4,0.100000,x,authoritative_multiplier_table,mode=normal_expert_8
Expert,8,5,0.100000,x,authoritative_multiplier_table,mode=normal_expert_8
Expert,8,6,11.000000,x,authoritative_multiplier_table,mode=normal_expert_8
Expert,8,7,46.000000,x,authoritative_multiplier_table,mode=normal_expert_8
Expert,8,8,500.000000,x,authoritative_multiplier_table,mode=normal_expert_8
Expert,9,0,1000.000000,x,authoritative_multiplier_table,mode=normal_expert_9
Expert,9,1,78.000000,x,authoritative_multiplier_table,mode=normal_expert_9
Expert,9,2,15.000000,x,authoritative_multiplier_table,mode=normal_expert_9
Expert,9,3,0.200000,x,authoritative_multiplier_table,mode=normal_expert_9
Expert,9,4,0.100000,x,authoritative_multiplier_table,mode=normal_expert_9
Expert,9,5,0.100000,x,authoritative_multiplier_table,mode=normal_expert_9
Expert,9,6,0.200000,x,authoritative_multiplier_table,mode=normal_expert_9
Expert,9,7,15.000000,x,authoritative_multiplier_table,mode=normal_expert_9
Expert,9,8,78.000000,x,authoritative_multiplier_table,mode=normal_expert_9
Expert,9,9,1000.000000,x,authoritative_multiplier_table,mode=normal_expert_9
Expert,10,0,2000.000000,x,authoritative_multiplier_table,mode=normal_expert_10
Expert,10,1,110.000000,x,authoritative_multiplier_table,mode=normal_expert_10
Expert,10,2,20.000000,x,authoritative_multiplier_table,mode=normal_expert_10
Expert,10,3,0.600000,x,authoritative_multiplier_table,mode=normal_expert_10
Expert,10,4,0.100000,x,authoritative_multiplier_table,mode=normal_expert_10
Expert,10,5,0.100000,x,authoritative_multiplier_table,mode=normal_expert_10
Expert,10,6,0.100000,x,authoritative_multiplier_table,mode=normal_expert_10
Expert,10,7,0.600000,x,authoritative_multiplier_table,mode=normal_expert_10
Expert,10,8,20.000000,x,authoritative_multiplier_table,mode=normal_expert_10
Expert,10,9,110.000000,x,authoritative_multiplier_table,mode=normal_expert_10
Expert,10,10,2000.000000,x,authoritative_multiplier_table,mode=normal_expert_10
Expert,11,0,3200.000000,x,authoritative_multiplier_table,mode=normal_expert_11
Expert,11,1,160.000000,x,authoritative_multiplier_table,mode=normal_expert_11
Expert,11,2,40.000000,x,authoritative_multiplier_table,mode=normal_expert_11
Expert,11,3,1.100000,x,authoritative_multiplier_table,mode=normal_expert_11
Expert,11,4,0.200000,x,authoritative_multiplier_table,mode=normal_expert_11
Expert,11,5,0.100000,x,authoritative_multiplier_table,mode=normal_expert_11
Expert,11,6,0.100000,x,authoritative_multiplier_table,mode=normal_expert_11
Expert,11,7,0.200000,x,authoritative_multiplier_table,mode=normal_expert_11
Expert,11,8,1.100000,x,authoritative_multiplier_table,mode=normal_expert_11
Expert,11,9,40.000000,x,authoritative_multiplier_table,mode=normal_expert_11
Expert,11,10,160.000000,x,authoritative_multiplier_table,mode=normal_expert_11
Expert,11,11,3200.000000,x,authoritative_multiplier_table,mode=normal_expert_11
Expert,12,0,6200.000000,x,authoritative_multiplier_table,mode=normal_expert_12
Expert,12,1,300.000000,x,authoritative_multiplier_table,mode=normal_expert_12
Expert,12,2,60.000000,x,authoritative_multiplier_table,mode=normal_expert_12
Expert,12,3,1.500000,x,authoritative_multiplier_table,mode=normal_expert_12
Expert,12,4,0.400000,x,authoritative_multiplier_table,mode=normal_expert_12
Expert,12,5,0.100000,x,authoritative_multiplier_table,mode=normal_expert_12
Expert,12,6,0.100000,x,authoritative_multiplier_table,mode=normal_expert_12
Expert,12,7,0.100000,x,authoritative_multiplier_table,mode=normal_expert_12
Expert,12,8,0.400000,x,authoritative_multiplier_table,mode=normal_expert_12
Expert,12,9,1.500000,x,authoritative_multiplier_table,mode=normal_expert_12
Expert,12,10,60.000000,x,authoritative_multiplier_table,mode=normal_expert_12
Expert,12,11,300.000000,x,authoritative_multiplier_table,mode=normal_expert_12
Expert,12,12,6200.000000,x,authoritative_multiplier_table,mode=normal_expert_12
Expert,13,0,10000.000000,x,authoritative_multiplier_table,mode=normal_expert_13
Expert,13,1,520.000000,x,authoritative_multiplier_table,mode=normal_expert_13
Expert,13,2,100.000000,x,authoritative_multiplier_table,mode=normal_expert_13
Expert,13,3,3.000000,x,authoritative_multiplier_table,mode=normal_expert_13
Expert,13,4,0.600000,x,authoritative_multiplier_table,mode=normal_expert_13
Expert,13,5,0.100000,x,authoritative_multiplier_table,mode=normal_expert_13
Expert,13,6,0.100000,x,authoritative_multiplier_table,mode=normal_expert_13
Expert,13,7,0.100000,x,authoritative_multiplier_table,mode=normal_expert_13
Expert,13,8,0.100000,x,authoritative_multiplier_table,mode=normal_expert_13
Expert,13,9,0.600000,x,authoritative_multiplier_table,mode=normal_expert_13
Expert,13,10,3.000000,x,authoritative_multiplier_table,mode=normal_expert_13
Expert,13,11,100.000000,x,authoritative_multiplier_table,mode=normal_expert_13
Expert,13,12,520.000000,x,authoritative_multiplier_table,mode=normal_expert_13
Expert,13,13,10000.000000,x,authoritative_multiplier_table,mode=normal_expert_13
Expert,14,0,25000.000000,x,authoritative_multiplier_table,mode=normal_expert_14
Expert,14,1,800.000000,x,authoritative_multiplier_table,mode=normal_expert_14
Expert,14,2,160.000000,x,authoritative_multiplier_table,mode=normal_expert_14
Expert,14,3,3.000000,x,authoritative_multiplier_table,mode=normal_expert_14
Expert,14,4,1.200000,x,authoritative_multiplier_table,mode=normal_expert_14
Expert,14,5,0.200000,x,authoritative_multiplier_table,mode=normal_expert_14
Expert,14,6,0.100000,x,authoritative_multiplier_table,mode=normal_expert_14
Expert,14,7,0.100000,x,authoritative_multiplier_table,mode=normal_expert_14
Expert,14,8,0.100000,x,authoritative_multiplier_table,mode=normal_expert_14
Expert,14,9,0.200000,x,authoritative_multiplier_table,mode=normal_expert_14
Expert,14,10,1.200000,x,authoritative_multiplier_table,mode=normal_expert_14
Expert,14,11,3.000000,x,authoritative_multiplier_table,mode=normal_expert_14
Expert,14,12,160.000000,x,authoritative_multiplier_table,mode=normal_expert_14
Expert,14,13,800.000000,x,authoritative_multiplier_table,mode=normal_expert_14
Expert,14,14,25000.000000,x,authoritative_multiplier_table,mode=normal_expert_14
Expert,15,0,50000.000000,x,authoritative_multiplier_table,mode=normal_expert_15
Expert,15,1,1300.000000,x,authoritative_multiplier_table,mode=normal_expert_15
Expert,15,2,230.000000,x,authoritative_multiplier_table,mode=normal_expert_15
Expert,15,3,6.000000,x,authoritative_multiplier_table,mode=normal_expert_15
Expert,15,4,1.800000,x,authoritative_multiplier_table,mode=normal_expert_15
Expert,15,5,0.200000,x,authoritative_multiplier_table,mode=normal_expert_15
Expert,15,6,0.100000,x,authoritative_multiplier_table,mode=normal_expert_15
Expert,15,7,0.100000,x,authoritative_multiplier_table,mode=normal_expert_15
Expert,15,8,0.100000,x,authoritative_multiplier_table,mode=normal_expert_15
Expert,15,9,0.100000,x,authoritative_multiplier_table,mode=normal_expert_15
Expert,15,10,0.200000,x,authoritative_multiplier_table,mode=normal_expert_15
Expert,15,11,1.800000,x,authoritative_multiplier_table,mode=normal_expert_15
Expert,15,12,6.000000,x,authoritative_multiplier_table,mode=normal_expert_15
Expert,15,13,230.000000,x,authoritative_multiplier_table,mode=normal_expert_15
Expert,15,14,1300.000000,x,authoritative_multiplier_table,mode=normal_expert_15
Expert,15,15,50000.000000,x,authoritative_multiplier_table,mode=normal_expert_15
Expert,16,0,100000.000000,x,authoritative_multiplier_table,mode=normal_expert_16
Expert,16,1,2200.000000,x,authoritative_multiplier_table,mode=normal_expert_16
Expert,16,2,260.000000,x,authoritative_multiplier_table,mode=normal_expert_16
Expert,16,3,7.000000,x,authoritative_multiplier_table,mode=normal_expert_16
Expert,16,4,2.500000,x,authoritative_multiplier_table,mode=normal_expert_16
Expert,16,5,1.100000,x,authoritative_multiplier_table,mode=normal_expert_16
Expert,16,6,0.100000,x,authoritative_multiplier_table,mode=normal_expert_16
Expert,16,7,0.100000,x,authoritative_multiplier_table,mode=normal_expert_16
Expert,16,8,0.100000,x,authoritative_multiplier_table,mode=normal_expert_16
Expert,16,9,0.100000,x,authoritative_multiplier_table,mode=normal_expert_16
Expert,16,10,0.100000,x,authoritative_multiplier_table,mode=normal_expert_16
Expert,16,11,1.100000,x,authoritative_multiplier_table,mode=normal_expert_16
Expert,16,12,2.500000,x,authoritative_multiplier_table,mode=normal_expert_16
Expert,16,13,7.000000,x,authoritative_multiplier_table,mode=normal_expert_16
Expert,16,14,260.000000,x,authoritative_multiplier_table,mode=normal_expert_16
Expert,16,15,2200.000000,x,authoritative_multiplier_table,mode=normal_expert_16
Expert,16,16,100000.000000,x,authoritative_multiplier_table,mode=normal_expert_16
